{
  "routes": [
    {
      "weight_name": "pedestrian",
      "weight": 656.141,
      "duration": 625.549,
      "distance": 878.271,
      "legs": [
        {
          "via_waypoints": [],
          "annotation": {
            "distance": [
              9.2, 6.1, 32.1, 11.7, 25.7, 11.7, 28.1, 46.9, 18.1, 9.4, 22, 59.4, 38.9, 13.8, 70.1,
              19.2, 61.1, 58.3, 35.4, 9.5, 14.9, 38.9, 26.9, 13.1, 26.1, 37.5, 47.3, 22.6, 26.4,
              12.7, 5.4, 19.8
            ],
            "duration": [
              5.8, 4.31, 22.643, 8.694, 19.169, 7.447, 21.007, 32.977, 14.264, 7.464, 12.368,
              37.662, 30.663, 10.877, 55.333, 21.431, 36.62, 34.904, 27.881, 7.519, 11.108, 29.017,
              20.063, 9.821, 18.371, 27.973, 35.347, 13.499, 14.884, 7.623, 3.222, 15.588
            ]
          },
          "admins": [
            {
              "iso_3166_1_alpha3": "LKA",
              "iso_3166_1": "LK"
            }
          ],
          "weight": 656.141,
          "duration": 625.549,
          "steps": [
            {
              "intersections": [
                {
                  "mapbox_streets_v8": {
                    "class": "trunk"
                  },
                  "entry": [true],
                  "bearings": [343],
                  "duration": 5.8,
                  "admin_index": 0,
                  "out": 0,
                  "weight": 5.911,
                  "geometry_index": 0,
                  "location": [79.854855, 6.895497]
                },
                {
                  "mapbox_streets_v8": {
                    "class": "trunk"
                  },
                  "entry": [true, false, true],
                  "in": 1,
                  "bearings": [108, 163, 341],
                  "duration": 4.31,
                  "admin_index": 0,
                  "out": 2,
                  "weight": 4.225,
                  "geometry_index": 1,
                  "location": [79.854831, 6.895576]
                },
                {
                  "mapbox_streets_v8": {
                    "class": "trunk"
                  },
                  "entry": [false, true, true],
                  "in": 0,
                  "bearings": [161, 252, 341],
                  "duration": 22.643,
                  "admin_index": 0,
                  "out": 2,
                  "weight": 22.535,
                  "geometry_index": 2,
                  "location": [79.854813, 6.895628]
                },
                {
                  "mapbox_streets_v8": {
                    "class": "trunk"
                  },
                  "entry": [true, false, true],
                  "in": 1,
                  "bearings": [75, 161, 342],
                  "duration": 27.863,
                  "admin_index": 0,
                  "out": 2,
                  "weight": 27.62,
                  "geometry_index": 3,
                  "location": [79.854718, 6.895901]
                },
                {
                  "mapbox_streets_v8": {
                    "class": "trunk"
                  },
                  "entry": [true, false, true],
                  "in": 1,
                  "bearings": [70, 162, 341],
                  "duration": 7.447,
                  "admin_index": 0,
                  "out": 2,
                  "weight": 7.606,
                  "geometry_index": 5,
                  "location": [79.854614, 6.89622]
                },
                {
                  "mapbox_streets_v8": {
                    "class": "trunk"
                  },
                  "entry": [false, true, true],
                  "in": 0,
                  "bearings": [161, 253, 342],
                  "duration": 21.007,
                  "admin_index": 0,
                  "out": 2,
                  "weight": 20.901,
                  "geometry_index": 6,
                  "location": [79.85458, 6.89632]
                },
                {
                  "mapbox_streets_v8": {
                    "class": "trunk"
                  },
                  "entry": [true, false, true],
                  "in": 1,
                  "bearings": [69, 162, 342],
                  "duration": 32.977,
                  "admin_index": 0,
                  "out": 2,
                  "weight": 33.099,
                  "geometry_index": 7,
                  "location": [79.8545, 6.89656]
                },
                {
                  "mapbox_streets_v8": {
                    "class": "trunk"
                  },
                  "entry": [false, true, true],
                  "in": 0,
                  "bearings": [162, 255, 343],
                  "duration": 21.728,
                  "admin_index": 0,
                  "out": 2,
                  "weight": 23.189,
                  "geometry_index": 8,
                  "location": [79.854372, 6.896961]
                },
                {
                  "mapbox_streets_v8": {
                    "class": "trunk"
                  },
                  "entry": [true, false, true],
                  "in": 1,
                  "bearings": [70, 162, 342],
                  "duration": 12.368,
                  "admin_index": 0,
                  "out": 2,
                  "weight": 13.634,
                  "geometry_index": 10,
                  "location": [79.854297, 6.897197]
                },
                {
                  "mapbox_streets_v8": {
                    "class": "trunk"
                  },
                  "entry": [false, true, true],
                  "in": 0,
                  "bearings": [162, 256, 342],
                  "duration": 37.662,
                  "admin_index": 0,
                  "out": 2,
                  "weight": 37.394,
                  "geometry_index": 11,
                  "location": [79.854237, 6.897385]
                },
                {
                  "mapbox_streets_v8": {
                    "class": "trunk"
                  },
                  "entry": [false, true, true],
                  "in": 0,
                  "bearings": [162, 256, 342],
                  "duration": 30.663,
                  "admin_index": 0,
                  "out": 2,
                  "weight": 32.299,
                  "geometry_index": 12,
                  "location": [79.854075, 6.897894]
                },
                {
                  "mapbox_streets_v8": {
                    "class": "trunk"
                  },
                  "entry": [true, false, true],
                  "in": 1,
                  "bearings": [75, 162, 342],
                  "duration": 10.877,
                  "admin_index": 0,
                  "out": 2,
                  "weight": 11.594,
                  "geometry_index": 13,
                  "location": [79.853969, 6.898227]
                },
                {
                  "mapbox_streets_v8": {
                    "class": "trunk"
                  },
                  "entry": [false, true, true],
                  "in": 0,
                  "bearings": [162, 256, 342],
                  "duration": 55.333,
                  "admin_index": 0,
                  "out": 2,
                  "weight": 57.972,
                  "geometry_index": 14,
                  "location": [79.853931, 6.898345]
                },
                {
                  "mapbox_streets_v8": {
                    "class": "trunk"
                  },
                  "entry": [true, false, true],
                  "in": 1,
                  "bearings": [75, 162, 343],
                  "duration": 21.431,
                  "admin_index": 0,
                  "out": 2,
                  "weight": 31.912,
                  "geometry_index": 15,
                  "location": [79.85374, 6.898946]
                },
                {
                  "mapbox_streets_v8": {
                    "class": "trunk"
                  },